date,nav_gross,nav_net,ret_gross,ret_net,drawdown_gross,drawdown_net
20240508,0.9954631427391638,0.9950493805197089,0.0,0.0,0.0,0.0
20240509,1.0000274992876432,0.9991885217502379,0.0045851587592886656,0.004159734493143441,0.0,0.0
20240510,0.9843384851496959,0.9830997794276168,-0.015688582713098587,-0.016101808590073707,-0.015688582713098587,-0.016101808590073707
20240513,0.9715025881800018,0.9692915486840721,-0.013040125082320664,-0.014045604558658553,-0.028524126714476128,-0.02992125351259689
20240514,0.9604169614973876,0.9572838296548816,-0.011410805094592469,-0.012388139611340221,-0.03960944855863624,-0.04193872445807678
20240515,0.9669467534487108,0.9628170995034647,0.0067989136105452985,0.005780176868315001,-0.033079836167002497,-0.036400960834760965
20240516,0.9689089570480041,0.9638122367472888,0.002029277819378228,0.0010335683115072491,-0.03111768652542657,-0.03540501540288099
20240517,0.9829070773331816,0.9768615957207483,0.014447301971307835,0.013539316555576164,-0.017119951168000025,-0.022345058558499442
20240520,1.0117362818216842,1.0046604256728675,0.029330549299453335,0.028457286143600102,0.0,0.0
20240521,1.015186024575154,1.007349968785447,0.003409725256920071,0.0026770668415432297,0.0,0.0
20240522,1.0291259059943485,1.0200916799886066,0.013731356698914565,0.012648743334475965,0.0,0.0
20240523,1.0301235504280353,1.0202999384005231,0.0009694095036145711,0.00020415656357353207,0.0,0.0
20240524,1.0142114251480574,1.0038130103141985,-0.015446812446299418,-0.01615890334382497,-0.015446812446299418,-0.01615890334382497
20240527,1.0018425627117167,0.990661613777893,-0.012195546342356645,-0.013101440608135784,-0.027453976471625507,-0.02904863903950905
20240528,0.9874608354519248,0.9754149079022816,-0.014355276762113678,-0.015390427632971493,-0.041415143803268384,-0.043991995695506714
20240529,0.993115756524396,0.9800345430339776,0.005726729475689307,0.004736071895426575,-0.03592558765233733,-0.039464273054517385
20240530,0.9877622036327245,0.9739286774091163,-0.005390663531920303,-0.006230255523401174,-0.04112258842903738,-0.04544865607274362
20240531,0.9923426321829538,0.9774813736273764,0.004637177382758484,0.003647799167092236,-0.03667610378326247,-0.04196664447541909
20240603,0.9901859763331687,0.9743604624782655,-0.002173297588798362,-0.003192808817961801,-0.03876969328414226,-0.04502546182083955
20240604,0.9953574373840104,0.9784795251537628,0.005222716918282799,0.00422745260518953,-0.03374945949889108,-0.040988352221524416
20240605,0.9717347225861329,0.9543561118672321,-0.02373289625479913,-0.024653978613134342,-0.056681383332747526,-0.0646318048756016
20240606,0.9213041802575376,0.9040999251285321,-0.05189743780522904,-0.052659784030063994,-0.10563720257175102,-0.11388809201944328
20240607,0.9185522822039609,0.9004183599554663,-0.002986959261171984,-0.004072077732494517,-0.10830862781237693,-0.11749640858842902
20240611,0.9425142641405297,0.9231096508964172,0.026086682708005293,0.02520083102489523,-0.08504735791265261,-0.09525658470240295
20240612,0.9820241084955436,0.9609529806455174,0.04191962483564371,0.04099548706088285,-0.04669288641396996,-0.05816618772715132
20240613,0.988782997969802,0.9668367448455812,0.006882610534493905,0.006122842967937414,-0.04013164483139475,-0.052399487192710814
20240614,1.0064464714010188,0.9832052254622083,0.017863852298718674,0.016929932280595583,-0.022984698308448737,-0.03635667468182591
20240617,0.9985881985267921,0.9745148603805495,-0.007807939217361115,-0.00883881091821248,-0.030613174398487986,-0.04487413582691069
20240618,1.037530807208468,1.0117750934587713,0.03899766564348295,0.03823464843180702,0.0,-0.008355234202126804
20240619,1.0275761470718472,1.001292694439035,-0.009594568245548496,-0.010360404290939762,-0.009594568245548496,-0.018629074888786956
20240620,1.0000129917062062,0.9733751706048581,-0.02682346748139708,-0.02788148159796311,-0.03616067613761309,-0.04599115027805134
20240621,0.9951888078982174,0.9679202621788945,-0.0048241211344243196,-0.005604117087324001,-0.04081035379004694,-0.051337527574236486
20240624,0.960463007744963,0.9334049137001257,-0.03489368035256879,-0.03565928912477867,-0.07428001070239054,-0.08516615696029417
20240625,0.9442982515083094,0.9169137448271105,-0.016830170559724356,-0.017667754509286038,-0.08986003601281556,-0.10132921671590644
20240626,0.9725935315015972,0.9435149310148062,0.029964346484907978,0.02901165604482414,-0.06258828678214179,-0.07525728905373574
20240627,0.9515041490284375,0.9224101772059183,-0.02168365487748991,-0.022368224513615753,-0.08291479884967434,-0.09594214162951142
20240628,0.9361748130719489,0.906782398170692,-0.016110634905944443,-0.016942331536892508,-0.0976896237030519,-0.11125898959455727
20240701,0.9418105798374268,0.9112638418765351,0.006019994008367613,0.004942137953806602,-0.09225772064405635,-0.10686670891592809
20240702,0.9574301899096771,0.9256437348089698,0.01658466193376862,0.01578016406622984,-0.07720312181794953,-0.0927729190496096
20240703,0.9746932704337207,0.9416581978025715,0.01803064150888334,0.017300892764003484,-0.06056450212193221,-0.07707708060948681
20240704,0.9708089181795867,0.9369699475617338,-0.003985204753086613,-0.00497871759814561,-0.06430834493329407,-0.08167205318998827
20240705,0.9652859745677331,0.9307698246242838,-0.005689012027423446,-0.006617205763732814,-0.06963150601292833,-0.08774881817261648
20240708,0.9320805760388102,0.8981046842894636,-0.0343995452164243,-0.035094756480750666,-0.10163575908977307,-0.1197640512481255
20240709,0.9399459197997042,0.9047236739384509,0.00843848049523821,0.0073699533748941,-0.09405492996523257,-0.11327675334691856
20240710,0.9307535715310546,0.8951534678070772,-0.009779656547270754,-0.010578043226958544,-0.10291476160086577,-0.12265655018036392
20240711,0.9686307206288255,0.9308271772536327,0.04069514236240246,0.03985205970764771,-0.06640775011300315,-0.0876926066340381
20240712,1.0030074070843362,0.9630426818522241,0.03548998160330252,0.034609544484554,-0.03327457833952785,-0.05611806331975144
20240715,1.0248617935667579,0.9833042798480447,0.02178885851496415,0.02103914850051236,-0.012210734904148701,-0.03625959108698451
20240716,1.0419973415439283,0.9986777508261864,0.01671986221433297,0.01563450021850543,0.0,-0.021191991453251346
20240717,1.030666207919301,0.9870330091295549,-0.010874436212896632,-0.011660159332675613,-0.010874436212896632,-0.032605048789005386
20240718,1.0286217599840695,0.9844325734467627,-0.0019836178963884565,-0.0026345984974560643,-0.01283648338300003,-0.03515374607391242
20240719,1.0309311111069666,0.9857901925333986,0.0022450926207635558,0.0013790879368025255,-0.010620209856356144,-0.03382313824425376
20240722,1.0383293940434706,0.9918297405743841,0.007176311643714017,0.00612660593169867,-0.003520112148292953,-0.027903753351951055
20240723,1.0473752082850254,0.9996970177201709,0.008711892674374333,0.007932084332569866,0.0,-0.020193003944164123
20240724,1.049516076284361,1.0010313735364795,0.002044031577605354,0.001334760225004672,0.0,-0.01888519653764753
20240725,1.0948103748755642,1.0432128292378566,0.0431573175625477,0.04213799568774457,0.0,0.0
20240726,1.0910605717621362,1.0389080229857341,-0.0034250708611106573,-0.00412648898812662,-0.0034250708611106573,-0.00412648898812662
20240729,1.0924327151442403,1.0393255080581596,0.0012576234698757904,0.000401849887755823,-0.00217175484073584,-0.0037262973295075774
20240730,1.1065452824992699,1.0517412932022177,0.012918477412282803,0.011946002525479615,0.0,0.0
20240731,1.1108236274347012,1.0549571154339494,0.0038663984231790405,0.0030576171654728146,0.0,0.0
20240801,1.1083220678818542,1.051616647568418,-0.002251986265924155,-0.0031664489642854177,-0.002251986265924155,-0.0031664489642854177
20240802,1.0936312489144473,1.0365711883458437,-0.013255008984421779,-0.014306980835043781,-0.015477145152158367,-0.01742812747468203
20240805,1.0774884213173932,1.02036561699075,-0.014760759271534751,-0.015633823838914984,-0.030009450009891525,-0.03278948303881568
20240806,1.0856264383724965,1.0273472235869154,0.007552765202946121,0.0068422597546509145,-0.0226833391367397,-0.02617157744433707
20240807,1.1011276874991205,1.0409808395543025,0.014278621613031506,0.013270699189497304,-0.00872860434016176,-0.01324819338641825
20240808,1.0699139319658921,1.0104582102701642,-0.0283470808041536,-0.029321028903093516,-0.03682825469177731,-0.042180771628314795
20240809,1.0552337323853684,0.9958829849765998,-0.013720916367122915,-0.014424372176329303,-0.05004385365632724,-0.0559967126559926
20240812,1.0478272959652741,0.987919923420091,-0.007018763893523405,-0.00799598113095168,-0.056711371556714796,-0.06354494512915165
20240813,1.0526311399736636,0.9914944726365987,0.004584576128992879,0.0036182580508477002,-0.05238679302800331,-0.060156609087608004
20240814,1.0550965190078685,0.9930836464743846,0.0023421110592134475,0.0016028065527788904,-0.05016737765609747,-0.058650221942067815
20240815,1.063973840538084,1.000484220724789,0.008413753026655035,0.007452115717218488,-0.04217572055503571,-0.051635174465602174
20240816,1.0711626273458577,1.0061931659594898,0.006756544694875188,0.00570618218302843,-0.03570413800112926,-0.046223631995127024
20240819,1.072292868503339,1.0065072687565801,0.0010551536513945248,0.0003121694796950347,-0.0346866577013164,-0.04592589212258147
20240820,1.0969837396633346,1.0288201643892363,0.023026238339585392,0.022168638344977953,-0.012459122609165152,-0.02477536827073945
20240821,1.0893026832079733,1.0207518783414444,-0.0070019784046376765,-0.007842270522158357,-0.019373862506352757,-0.032423343652632663
20240822,1.0678300114849488,0.9998769961275271,-0.01971230958486936,-0.020450496008722063,-0.03870426851564224,-0.052210766201397196
20240823,1.074421911022547,1.0050519842891597,0.006173173133082521,0.005175624783523292,-0.03277002353309599,-0.04730536475339253
20240826,1.0928759827713854,1.0213389741045988,0.017175814788880528,0.016205121794728328,-0.01615706059904709,-0.03186683215603703
20240827,1.0783404066649616,1.0071845694620305,-0.013300297870544875,-0.013858674741142996,-0.02924246475091219,-0.04528387483529894
20240828,1.0694470987606768,0.9977193818089275,-0.00824721752919333,-0.009397669444199952,-0.037248513312215015,-0.054255981392644204
20240829,1.08382767855083,1.0101801640951464,0.013446742533425038,0.012489265532385163,-0.024302641947052117,-0.04244433321859187
20240830,1.1456771754858535,1.0669242459695427,0.0570658031336877,0.05617223926112613,0.0,0.0
20240902,1.157554462156951,1.0769148182486958,0.010367044858042629,0.009363900311473827,0.0,0.0
20240903,1.1718686623743686,1.089211639498717,0.012365897834945017,0.011418564441353363,0.0,0.0
20240904,1.1485554157694395,1.066841447672017,-0.019894078025512796,-0.02053796619084558,-0.019894078025512796,-0.02053796619084558
20240905,1.1531378454930432,1.0698943669728598,0.0039897332428961985,0.0028616429437613444,-0.01598371684705191,-0.01773509557311337
20240906,1.1303465658927578,1.047895040534387,-0.019764575145429064,-0.02056214811254431,-0.03543238061975407,-0.037932572023693156
20240909,1.1353722028705506,1.0518355011269387,0.004446102752409864,0.0037603580894345345,-0.03114381387234222,-0.034314853988321126
20240910,1.1424525079976149,1.057183237682624,0.006236109276907875,0.005084194771858952,-0.02510192082204199,-0.02940512261770656
20240911,1.1543420702745266,1.0674426806049344,0.010407051666200706,0.0097045077491007,-0.01495610614275722,-0.0199859771089127
20240912,1.1542493290247133,1.0665326697534618,-8.034121964495267e-05,-0.0008525149574840629,-0.015035245770593453,-0.020821453721971417
20240913,1.1390000704310046,1.0512453694842427,-0.013211407804407105,-0.014333644625019182,-0.028048016811685783,-0.034856651028763674
20240918,1.1239595207486808,1.0367379582028118,-0.013205047192518915,-0.013800214205508032,-0.04088268861854982,-0.0481758359835881
20240919,1.1525105778823326,1.062167557277065,0.025402211206533076,0.02452847305633088,-0.016518988102996013,-0.024829042622146802
20240920,1.1570276110893385,1.0651921531968007,0.003919298697722784,0.002847569480929568,-0.012664432253833069,-0.02205217556522876
20240923,1.1744508538355933,1.0802235007106367,0.015058623129875714,0.01411139527147709,0.0,-0.008251967259748416
20240924,1.216407130228493,1.1178029030784704,0.03572416526062039,0.03478854361445727,0.0,0.0
20240925,1.2407492962107642,1.1388674286885092,0.020011528523101285,0.018844579444217135,0.0,0.0
20240926,1.284923037388775,1.1783371079191005,0.03560247127515348,0.03465695675926361,0.0,0.0
20240927,1.337176425707076,1.2251496967168267,0.040666551067907175,0.039727670870346676,0.0,0.0
20240930,1.4450121815479737,1.3224460870131896,0.08064437404651081,0.07941591999500064,0.0,0.0
20241008,1.489798299484178,1.3628350561524052,0.030993591962821476,0.030541108280970564,0.0,0.0
20241009,1.4123014825894005,1.2909590781701914,-0.052018328200273745,-0.052740041913168945,-0.052018328200273745,-0.052740041913168945
20241010,1.4001935963582293,1.279684996741982,-0.00857315975408579,-0.00873310519198578,-0.060145526516558134,-0.061012562771297296
20241011,1.3799137292461545,1.259998170462302,-0.014483616526186682,-0.015384119005694252,-0.07375801830091333,-0.0754580572504755
20241014,1.438655658476177,1.3123019066612642,0.04256927660406218,0.04151096201970805,-0.034328567179670255,-0.037079431779372896
20241015,1.420787727842363,1.2953351520138106,-0.012419879995981487,-0.012929002511792631,-0.046322090490846235,-0.049529034224554125
20241016,1.4373869258065897,1.3091021572624464,0.01168309497537301,0.010628141471520136,-0.03518018089813579,-0.03942729433572034
20241017,1.4468053325320254,1.3168465743055981,0.006552450531126519,0.005915823299341705,-0.028858246762020312,-0.03374471594283979
20241018,1.5195024728435182,1.381349796251393,0.05024666323579763,0.04898309583241223,0.0,0.0
20241021,1.5769583871284951,1.4320688890893731,0.037812320356054974,0.03671705239007372,0.0,0.0
20241022,1.5663660302123859,1.4214314028238269,-0.006716953980882789,-0.0074280548558739445,-0.006716953980882789,-0.0074280548558739445
20241023,1.571239896288612,1.4243671498113177,0.0031115754441926047,0.00206534552540405,-0.0036262788457569473,-0.00537805083032894
20241024,1.584876358153663,1.4353005782811956,0.008678790487220533,0.007675990331092786,0.0,0.0
20241025,1.6188555315152016,1.4649300371163823,0.021439636717859534,0.020643382496695173,0.0,0.0
20241028,1.6689192132200925,1.5084048183124275,0.030925354814109296,0.02967703582733705,0.0,0.0
20241029,1.6777568878511437,1.5149581523814073,0.005295447832971645,0.004344545966322055,0.0,0.0
20241030,1.6879953333306,1.5231244048611194,0.0061024607042856616,0.005390414558234191,0.0,0.0
20241031,1.7497953673303939,1.5771556353651393,0.03661149576631573,0.03547394443393914,0.0,0.0
20241101,1.6874170215013042,1.5199269015418002,-0.035648937580774476,-0.036286040857400614,-0.035648937580774476,-0.036286040857400614
20241104,1.7004821817789044,1.5308695363540874,0.007742697928918574,0.007199448079501014,-0.02818225860703072,-0.029347832245062988
20241105,1.7550461513980236,1.5781789721618655,0.0320873515781499,0.030903636583199612,0.0,0.0
20241106,1.7705410846701213,1.590700613872954,0.008828789635962009,0.007934234286454789,0.0,0.0
20241107,1.8310641185972751,1.6439659694513244,0.03418335471070422,0.033485468675769736,0.0,0.0
20241108,1.8196087841647908,1.6324719996119792,-0.006256107755123308,-0.006991610564287654,-0.006256107755123308,-0.006991610564287654
20241111,1.8391919498948108,1.6481756347879597,0.01076229456597666,0.009619543354932425,0.0,0.0
20241112,1.8105600886189768,1.6213558168848756,-0.015567630816061162,-0.01627242712305632,-0.015567630816061162,-0.01627242712305632
20241113,1.8192624071241523,1.6276740941751833,0.004806423470768761,0.003896909749549593,-0.010836031971430904,-0.012438929553411304
20241114,1.7499001361114896,1.5643486683138241,-0.03812658951289438,-0.038905470135561115,-0.04854948054140196,-0.050860457286713845
20241115,1.7381357761590892,1.5525574343504585,-0.006722875042768139,-0.007537471793980011,-0.05494596349309888,-0.05801456981846642
20241118,1.6846675971215843,1.5034880515367528,-0.030761796501110106,-0.03160551856442895,-0.08401752344667679,-0.08778650781949049
20241119,1.7535615210592774,1.563586352797555,0.040894669105884685,0.03997258322031505,-0.04655872316123988,-0.05132297808861075
20241120,1.8396696979586957,1.638939874583439,0.04910473676874627,0.048192747174508055,0.0,-0.005603626221369895
20241121,1.8455683918169776,1.6422502028801063,0.0032063874644601142,0.00201979849779943,0.0,-0.0035951459193945823
20241122,1.7920080363234032,1.593496363491904,-0.029021062416897947,-0.029687217759328033,-0.029021062416897947,-0.033175633798936954
20241125,1.7800691938223094,1.581862652267298,-0.006662270625520383,-0.007300745386774721,-0.03548998687075677,-0.0402341723303008
20241126,1.7464018891666269,1.550699065691518,-0.01891348087620648,-0.019700564098351414,-0.053732228558986406,-0.05914210053771496
20241127,1.8135151329530936,1.6086771688275348,0.03842943838001278,0.037388365298435255,-0.01736768954540191,-0.02396496169870055
20241128,1.8162690485362547,1.6101057314872431,0.0015185512009909807,0.000888035640332685,-0.015875512070228637,-0.02309820779847549
20241129,1.8443170223716856,1.6333342715136983,0.01544263161784043,0.014426717185211935,-0.00067804013703332,-0.00900472192465751
20241202,1.8871135523890197,1.6696592864309654,0.023204541029665293,0.022239792276937065,0.0,0.0
20241203,1.9057301794065893,1.6846294351216318,0.009865133443613727,0.00896599013482935,0.0,0.0
20241204,1.8685354798104123,1.650741069136764,-0.019517295784106548,-0.020116213855910003,-0.019517295784106548,-0.020116213855910003
20241205,1.929757319355115,1.7030465519393254,0.03276461175407519,0.03168606135783247,0.0,0.0
20241206,1.9246443588625426,1.6970992530994948,-0.002649535483705834,-0.003492152832263007,-0.002649535483705834,-0.003492152832263007
20241209,1.9241989294436386,1.6951328230768647,-0.00023143466316410954,-0.0011587006588086313,-0.0028803569525176487,-0.004646807131284181
20241210,1.9575960726944874,1.7227159572854687,0.017356388021952274,0.016271960422863607,0.0,0.0
20241211,1.962555063628999,1.7256229559710916,0.0025332043743251376,0.0016874509540176774,0.0,0.0
20241212,2.007022453506342,1.7632466910749742,0.022657906879370415,0.021802987132093277,0.0,0.0
20241213,2.0050994421059887,1.7599677984480273,-0.0009581414482900952,-0.0018595767929375784,-0.0009581414482900952,-0.0018595767929375784
20241216,1.9752981157109337,1.732124338530495,-0.014862767286870415,-0.01582043713645509,-0.015806668101786547,-0.017650594611639536
20241217,1.8739486582403106,1.6422249839376761,-0.05130843626312387,-0.051901213205680086,-0.06630408894207762,-0.0686357205431739
20241218,1.9060193631825506,1.6689399576170767,0.017113972040384118,0.01626754795517993,-0.050324843226011384,-0.05348470746336853
20241219,1.9349421331043897,1.692676589736073,0.015174436566869787,0.014222580033908194,-0.03591405780041235,-0.04002281796194829
20241220,1.9614559721808802,1.7142301608919135,0.013702652199707899,0.012733425443782753,-0.022703523443823648,-0.027799020086734183
20241223,1.8526035645221821,1.6181418731876247,-0.05549571808010989,-0.056053317632851596,-0.07693929318746995,-0.08229411041678203
20241224,1.842506615241491,1.608050865311227,-0.005450140264247616,-0.006236170043927625,-0.08197010351201384,-0.08801708039453693
20241225,1.793298809197796,1.563831239145785,-0.026706990160383026,-0.027498897652645904,-0.10648791892445597,-0.11309560536172869
20241226,1.7975296592127994,1.566076258049819,0.0023592554644567,0.0014355889867376792,-0.10437989566462047,-0.11182237518049665
20241227,1.815267626612158,1.5800623344820295,0.009867969247932429,0.008930648402541319,-0.09554194401720884,-0.10389037309422955
20241230,1.759582023395734,1.5304973912727236,-0.030676249826781854,-0.03136897964570118,-0.12328732530038233,-0.1320004177409535
20241231,1.7738210475177683,1.541286675280761,0.008092276422871691,0.007049527865621075,-0.11619272399327785,-0.1258814304984709
20250102,1.7940053883187834,1.5574053478891838,0.011379017533510893,0.01045793288616248,-0.10613586550335286,-0.11673995716407548
20250103,1.8411312414210035,1.5968648694624124,0.02626851257474927,0.025336706096912742,-0.08265538424621033,-0.09436105705159503
20250106,1.8007011158062165,1.5603359738670435,-0.02195939360823762,-0.022875383067113453,-0.10279971573794522,-0.11507789479203556
20250107,1.858280427928459,1.6085904727449742,0.03197605178162122,0.030925710671362516,-0.07411079298989653,-0.08771104979968114
20250108,1.8938301953214094,1.6379051987128488,0.019130464303807937,0.018223859002378884,-0.056398102565908714,-0.07108562460180212
20250109,1.9179643522564218,1.6568875112374513,0.012743569616026962,0.011589384135003433,-0.04437324609614224,-0.060320079076785604
20250110,1.8290081516326953,1.5788655915952154,-0.04638052866784126,-0.04708944880872745,-0.0886957201513362,-0.10456908860968839
20250113,1.8045594456000835,1.5566158035260442,-0.013367193585653081,-0.014092262310112846,-0.10087730087550739,-0.117187735893584
20250114,1.9394124774223642,1.6705590890351387,0.07472906040922189,0.07319936316398068,-0.03368670637733051,-0.052566440367642464
20250115,1.9516598650145407,1.6796121926839318,0.006314998864220156,0.005419205886348921,-0.027584439025622576,-0.04743210284435817
20250116,2.001786651712277,1.7209414873283766,0.025684181755391444,0.02460645071789025,-0.002608741015785676,-0.02399278782755354
20250117,1.9520377343599922,1.6765997834857425,-0.02485225751192366,-0.025765956698197257,-0.02739616542420309,-0.04914054739351703
20250120,1.965434475404914,1.686633992058462,0.006862951883106927,0.005984856178293141,-0.02072123210618404,-0.04344979032389662
20250121,1.9374358471550361,1.6610950593895457,-0.014245515991628044,-0.015141953019544685,-0.034671563454477305,-0.0579338286596478
20250122,1.89599159938143,1.624308802785309,-0.02139128778610322,-0.02214578653780097,-0.05532118184873158,-0.07879662499463469
20250123,1.867578060960211,1.5987942428922577,-0.014986109870153919,-0.01570794903610684,-0.06947824240955369,-0.09326684066110857
20250124,1.8903358900987293,1.6166119636087117,0.012185744528834919,0.011144473903171859,-0.05813914199303394,-0.0831617766297158
20250127,1.830029299765886,1.5639073136429598,-0.03190257913882888,-0.0326019175610337,-0.08818693255336651,-0.11305246080483833
20250205,1.8656159221906143,1.5928588402688004,0.019445930417223867,0.018512303365600946,-0.07045587909028383,-0.09663301888988418
20250206,1.9209519366492225,1.6381736780776255,0.02966098959620389,0.028448746783599432,-0.04288468059076822,-0.0709333603916178
20250207,1.948743021844231,1.66013225303203,0.014467350621736763,0.013404302149557568,-0.02903775767943928,-0.05847987043723302
20250210,2.019624775053588,1.7189112438811134,0.03637306325914458,0.03540620980149667,0.0,-0.02514421119760135
20250211,2.0329690135833527,1.7285446813395753,0.006607286014012503,0.005604383293642767,0.0,-0.019680745701126323
20250212,2.086605019405861,1.7719979410053275,0.02638309067385558,0.025138638378775946,0.0,0.0
20250213,2.0587511550776254,1.7470850910212246,-0.013348891653757522,-0.01405918675614759,-0.013348891653757522,-0.01405918675614759
20250214,2.147120370868133,1.8202769113338044,0.04292369943426966,0.041893678040487936,0.0,0.0
20250217,2.170793554818116,1.8383117144359256,0.011025550440104892,0.009907725022401115,0.0,0.0
20250218,2.0702403813799197,1.7523900985545313,-0.0463209286829771,-0.046739415957950725,-0.0463209286829771,-0.046739415957950725
20250219,2.107550000744081,1.7822230585939702,0.01802187789385723,0.01702415464687168,-0.029133840909774555,-0.030510960356451733
20250220,2.14577600218802,1.8123258034807748,0.01813764865860512,0.01689055965337638,-0.011524611621666625,-0.014135747899057693
20250221,2.202333432512604,1.8584832378494522,0.02635756494010222,0.025468618434956403,0.0,0.0
20250224,2.191535942519848,1.8476013748363953,-0.004902749889437619,-0.005855238719101319,-0.004902749889437619,-0.005855238719101319
20250225,2.2222307780459376,1.871607124854437,0.014006083555625493,0.012992927124319431,0.0,0.0
20250226,2.274926280738648,1.9145390960952606,0.023712884914251386,0.02293855941810574,0.0,0.0
20250227,2.229456061319527,1.8745707605518325,-0.01998755731300328,-0.020876218001995572,-0.01998755731300328,-0.020876218001995572
20250228,2.129426630941868,1.7890260524094797,-0.04486719075255308,-0.04563429129619534,-0.06395796251891628,-0.06555783788472502
20250303,2.1278954401660553,1.7863806816398087,-0.000719062471354337,-0.0014786653140730355,-0.06463103521967895,-0.06693956509785226
20250304,2.155033354234538,1.8072851113437336,0.012753405809434515,0.011702113619329824,-0.0527018952302849,-0.05602078587492598
20250305,2.188134021492291,1.8334624661995498,0.015359700671319754,0.014484352630091069,-0.038151679894513624,-0.042347858062062094
20250306,2.2377298949043807,1.8732192683219262,0.022665829846320706,0.021684001093725813,-0.016350589533033144,-0.021582127968870934
20250307,2.2428560146614274,1.8756261954377922,0.002290767875389843,0.0012849147756324175,-0.014097277062889213,-0.020324944388355415
20250310,2.233790083672939,1.8663772449063576,-0.004042136868895985,-0.004931126763920934,-0.018082430808418315,-0.02515584627502776
20250311,2.2742588907186168,1.8986815565442865,0.01811665623438352,0.017308564882095867,-0.000293367756872831,-0.00828269299034734
20250312,2.3102190950808383,1.926912450191379,0.015811834135936342,0.014868682718166992,0.0,0.0
20250313,2.281278067732511,1.900856467104405,-0.012527395089907967,-0.013522141643947605,-0.012527395089907967,-0.013522141643947605
20250314,2.276425118490277,1.8954129786288556,-0.00212729404226375,-0.0028637030568865462,-0.014628039679231764,-0.016347121302472734
20250317,2.3045798843437444,1.916945923573829,0.012367973637604113,0.011360555819634799,-0.002440985250750316,-0.005172277866885011
20250318,2.323919805317414,1.9308108311956005,0.008391950786803326,0.007232811030956299,0.0,0.0
20250319,2.3250868445512607,1.9303452667475283,0.0005021856740392572,-0.00024112380174701187,0.0,-0.00024112380174701187
20250320,2.31807213728212,1.922976168662541,-0.003016965704132568,-0.003817502605325873,-0.003016965704132568,-0.004057705916331589
20250321,2.307977215443906,1.9124247117361421,-0.004354878209290702,-0.005487045080614594,-0.0073587053952201,-0.009522486181659406
20250324,2.352285264678745,1.9478152549089245,0.019197784509461302,0.01850558767390842,0.0,0.0
20250325,2.367278862229161,1.9585270266595238,0.006374055806732226,0.005499377686668749,0.0,0.0
20250326,2.385979889705821,1.971421004764927,0.007899799121701134,0.006583507876015915,0.0,0.0
20250327,2.334106810524387,1.9274064913580653,-0.021740786418711022,-0.022326288144682738,-0.021740786418711022,-0.022326288144682738
20250328,2.3138343265659125,1.9091288977421979,-0.008685328309341545,-0.009482998888827532,-0.030237288860302858,-0.03159756686784254
20250331,2.2763602174445543,1.876220777320548,-0.016195675157510303,-0.017237243886763287,-0.045943250709787886,-0.048290155788276556
20250401,2.32557233125324,1.9152321109055341,0.02161877256137057,0.020792506967489688,-0.025317714836242233,-0.028501722221475845
20250402,2.317411892051552,1.9072305287468831,-0.003509002533277683,-0.004177865498959155,-0.028737877444022786,-0.03256051135850502
20250403,2.3080729472095074,1.8972977003637483,-0.004029902873147528,-0.005207985208616095,-0.03265196946229043,-0.03759892190558112
20250407,2.1467095932365536,1.7642542249890312,-0.06991258840759096,-0.07012261457398605,-0.10028177416816708,-0.1050850017703846
20250408,2.1997539038189204,1.806517912935957,0.02470958845550819,0.02395555433468699,-0.07805010708194238,-0.08364681690536879
20250409,2.3812134758345644,1.9527468008856523,0.08249085122686584,0.08094516356720982,-0.001997675626614015,-0.009472458614440571
20250410,2.470643080999689,2.0244629359367012,0.03755631574938123,0.036725772649338184,0.0,0.0
20250411,2.4898047767887515,2.038262952254726,0.007755752312595954,0.006816630758240905,0.0,0.0
20250414,2.549087732443573,2.0845294787226623,0.023810282720752918,0.022698997897575568,0.0,0.0
20250415,2.5293300292705645,2.067420113255465,-0.007750891788282477,-0.008207782927436291,-0.007750891788282477,-0.008207782927436291
20250416,2.529826739874091,2.065615500954252,0.00019638030536861528,-0.0008728812734490887,-0.0075560336054101285,-0.009073499780871463
20250417,2.5520343384911626,2.081863681946971,0.008778308121676792,0.007866023945508172,0.0,-0.0012788482019091552
20250418,2.521547508818261,2.0560783131677316,-0.011946089130966175,-0.012385714301488271,-0.011946089130966175,-0.013648723054933587
20250421,2.557531092949625,2.0829451242561983,0.014270436708221368,0.01306701739734506,0.0,-0.0007600537591988532
20250422,2.531342987381791,2.0599389057354767,-0.01023960398371182,-0.011045043027207435,-0.01023960398371182,-0.011796701959932876
20250423,2.5174171156450713,2.047307228955703,-0.00550137686047969,-0.006132063793058862,-0.01568464892377508,-0.01785642762402584
20250424,2.4649010705251673,2.0031467107467007,-0.020861082096221173,-0.02157004947006791,-0.03621853227114691,-0.03904131306688474
20250425,2.497017940825315,2.0270046446411962,0.013029679237108294,0.01191022792614227,-0.02366076889197055,-0.02759607607790493
20250428,2.441831156637482,1.9814365719635463,-0.022101076362147642,-0.02248049741677627,-0.045238916794049566,-0.04945619997769868
20250429,2.478342383130925,2.0089037573133584,0.014952396030412096,0.013862258191082555,-0.03096295096352908,-0.036279516399856826
20250430,2.597281494807549,2.102944662882324,0.047991396380982154,0.04681205121281318,0.0,0.0
20250506,2.6423387058112326,2.1383825089729434,0.01734783507053872,0.016851535238234794,0.0,0.0
20250507,2.631748639066645,2.1278926044017763,-0.004007838480849291,-0.004905532348469022,-0.004007838480849291,-0.004905532348469022
20250508,2.6390792974974087,2.132313611938814,0.0027854705886209974,0.0020776459901654665,-0.0012335316084405301,-0.0028380783179170477
20250509,2.601654937801186,2.101120318602713,-0.01418083940551218,-0.014628848759136615,-0.015396878500311795,-0.017425409258574276
20250512,2.6499853360018677,2.137975492516162,0.018576790295460333,0.017540725101339527,0.0,-0.00019033847081773025
20250513,2.6307676583584163,2.121037138867724,-0.0072519939572367464,-0.007922613569580128,-0.0072519939572367464,-0.008111444062246065
20250514,2.6775634268307673,2.1567523240904203,0.01778787584060204,0.016838547787881852,0.0,0.0
20250515,2.6815337557626906,2.1583960996611635,0.001482814148168643,0.0007621531468322562,0.0,0.0
20250516,2.736667583018864,2.2010847104275095,0.02056055685955438,0.019777931758238276,0.0,0.0
20250519,2.767424224952228,2.2238268470992115,0.011238720451183237,0.01033224053756876,0.0,0.0
20250520,2.80799479917626,2.254957347260273,0.014660048812983328,0.01399861693443838,0.0,0.0
20250521,2.7508898983543606,2.2078510114994483,-0.020336540807928682,-0.020890122741371586,-0.020336540807928682,-0.020890122741371586
20250522,2.7333283437727696,2.1924475624194413,-0.006383954004155812,-0.006976670527032436,-0.026590667270963042,-0.02772104976476819
20250523,2.6690814154584714,2.1394682707933255,-0.02350501668073257,-0.02416445096987918,-0.04947066987393978,-0.0512156367867731
20250526,2.7161734693835036,2.1751031730119843,0.017643543449926247,0.016655962000055924,-0.032699964337431386,-0.035412720486846405
20250527,2.763909276468624,2.211740467554904,0.01757465332137098,0.01684393411655316,-0.01570000155291207,-0.01916527590106165
20250528,2.7770858736121298,2.2203120523433366,0.004767376865691286,0.0038754930400621834,-0.01100747251141554,-0.015364057754365001
20250529,2.8353226348379703,2.264651512579689,0.020970457478181048,0.019969922781600147,0.0,0.0
20250530,2.7836394912472873,2.2223655237103856,-0.01822831128833302,-0.018672183616072147,-0.01822831128833302,-0.018672183616072147
20250603,2.808586140870454,2.2396745833703697,0.008961882349207695,0.007788574595544162,-0.009429788920315985,-0.01102903871548333
20250604,2.8237371329805256,2.249811628778242,0.005394526409425282,0.004526124233913409,-0.004086131756256606,-0.0065528332809768886
20250605,2.8024763800491392,2.231604777345573,-0.0075292960818010846,-0.00809261148790319,-0.011584662142235636,-0.014592415234992218
20250606,2.777549775707551,2.2099852633039414,-0.008894492213758154,-0.009687877648006937,-0.02037611466877054,-0.02413892334961365
20250609,2.850567377847617,2.265370168719852,0.026288494549648656,0.025061210287488533,0.0,0.0
20250610,2.8101790986344306,2.2321747500221925,-0.014168505374422158,-0.014653419187742878,-0.014168505374422158,-0.014653419187742878
20250611,2.821599419587985,2.239074793987992,0.004063912139658399,0.0030911755299314336,-0.010162172795755708,-0.011607539948634393
20250612,2.856967426547193,2.264859271644392,0.012534737111752126,0.011515683944829602,0.0,-0.00022552476523030052
20250613,2.789619478694642,2.210627202405921,-0.023573229161364506,-0.02394500617210349,-0.023573229161364506,-0.024165130745438468
20250616,2.834005243134458,2.2432429773168274,0.015911046212146784,0.014754081952583098,-0.008037257687773636,-0.009767583112268441
20250617,2.8578799833988455,2.259911038286437,0.008424381120051061,0.007430341313069189,0.0,-0.00240981827552722
20250618,2.8494923856352603,2.251989196955672,-0.00293490202958413,-0.0035053775111306695,-0.00293490202958413,-0.0059067484638688494
20250619,2.8007992843929785,2.211607218713758,-0.017088342291332825,-0.017931692699282742,-0.019973091710443924,-0.023732523164845643
20250620,2.7622107553242827,2.179551647679283,-0.013777684564447168,-0.014494242360593379,-0.03347559331752781,-0.03788278058285932
20250623,2.8516026050153336,2.2479649418011225,0.03236242908646414,0.03138870060486232,-0.002196515745929384,-0.007683171235791986
20250624,2.9165014890138012,2.296041163841867,0.02275874060583516,0.02138655329839123,0.0,0.0
20250625,2.9684388300721016,2.334462604397783,0.01780809687700957,0.016733776885614393,0.0,0.0
20250626,3.0134667179493455,2.368302470700336,0.01516887847614834,0.014495784271208123,0.0,0.0
20250627,3.0142515118893436,2.3662718732789263,0.000260428938976931,-0.0008574062842611196,0.0,-0.0008574062842611196
20250630,3.1049577842414164,2.434438768694312,0.030092469720689685,0.028807719089745776,0.0,0.0
20250701,3.05089901143755,2.3912167297150173,-0.01741046950081926,-0.017754416145153717,-0.01741046950081926,-0.017754416145153717
20250702,3.028944280289953,2.371545401229473,-0.007196151385309824,-0.008226493333328588,-0.02448133251191187,-0.02583485289242704
20250703,3.0489997770917254,2.384981641861643,0.006621282845075127,0.005665605484594272,-0.01802214749382247,-0.02031561749207378
20250704,3.05958299631675,2.3917095025803885,0.003471046244260201,0.002820927675356799,-0.014613656956934173,-0.01755199870434232
20250707,3.0970398828092796,2.4180800669341016,0.0122424809320818,0.011025822460989598,-0.002550083441495543,-0.006719701464902306
20250708,3.0835923115341757,2.405331779436258,-0.004342072360690952,-0.005272070049362365,-0.006881083155357848,-0.011956344777431016
20250709,3.050690907489056,2.3785914029874027,-0.010669829446017243,-0.011117125993788113,-0.017477492617703594,-0.022940550579903185
20250710,3.0755074282678043,2.395020630686063,0.008134721455335558,0.00690712481262068,-0.009484945696550673,-0.01619187901340824
20250711,3.1346083652026056,2.4384076133399293,0.01921664580992033,0.01811549432934867,0.0,0.0
20250714,3.090978663605583,2.4032615098257413,-0.0139187089785624,-0.014413547317483899,-0.0139187089785624,-0.014413547317483899
20250715,3.0628013354528085,2.3786468910248306,-0.009115989212266529,-0.010242172439525965,-0.022907815389931696,-0.02450809371991891
20250716,3.0524940756853143,2.3687724864532953,-0.003365304712448891,-0.004151269618367315,-0.026196028323297038,-0.028557623633422624
20250717,3.0537991031659573,2.368283694043217,0.00042752825993619403,-0.00020634839895916635,-0.025779699605767203,-0.02875807921246698
20250718,3.060271346026934,2.3704308349235204,0.0021194068903440666,0.0009066231742860253,-0.02371493038839856,-0.027877528779242877
20250721,3.1137595854821685,2.4091475437564585,0.017478266927106523,0.016333194903865422,-0.0066511593447781125,-0.011999662986367121
20250722,3.1153211979195192,2.4093112166576844,0.0005015199133009407,6.793809771021841e-05,-0.006152975120335191,-0.011932540122933322
20250723,3.153144014989048,2.4356045671304076,0.012140904473923131,0.010913222953902402,0.0,-0.0011495396397989133
20250724,3.244689298339226,2.5032379174638826,0.029033016860314786,0.027768608766060687,0.0,0.0
20250725,3.2003521293146457,2.468197605186159,-0.013664534551050544,-0.013997995169881539,-0.013664534551050544,-0.013997995169881539
20250728,3.2316830943524764,2.4889996184833065,0.009789849295283704,0.008428017778413954,-0.004008458989711805,-0.005687952743621549
20250729,3.2922365907706466,2.5326742348332183,0.018737448769030163,0.017547056265330152,0.0,0.0
20250730,3.217573547676216,2.4745076692122434,-0.022678516879296673,-0.02296646162423066,-0.022678516879296673,-0.02296646162423066
20250731,3.2434798287122444,2.4911917957324086,0.008051496151420645,0.006742402429278593,-0.014809616719249519,-0.016378908321599273
20250801,3.274085976772617,2.512282867281593,0.009436207307176092,0.008466257630309837,-0.005513156025576227,-0.00805131874884335
20250804,3.301455627573091,2.5315946303862047,0.008359478338272996,0.0076869381852322505,0.0,-0.00042627055314303774
20250805,3.2983278265638614,2.5260845275541257,-0.0009474005899419158,-0.0021765344127145925,-0.0009474005899419158,-0.002601877173329603
20250806,3.286749789504109,2.515315346919028,-0.0035102748024334884,-0.00426319092557248,-0.00445434975595671,-0.006853975799747336
20250807,3.2971773037563255,2.5216742234342044,0.0031725914414038048,0.002528063339241049,-0.0012958901464656947,-0.0043432397454535865
20250808,3.334753482392368,2.5467636339099666,0.011396468910917612,0.009949505071909615,0.0,0.0
20250811,3.422201876378994,2.611116127788227,0.026223345877995907,0.025268341757912705,0.0,0.0
20250812,3.4607828739987285,2.6386122825654725,0.011273735160403975,0.010530422023219854,0.0,0.0
20250813,3.541135153900888,2.695723402875752,0.02321794889412332,0.021644377496322198,0.0,0.0
20250814,3.485966935736651,2.652257530838292,-0.015579246701008853,-0.01612401034582822,-0.015579246701008853,-0.01612401034582822
20250815,3.613979175891038,2.746820819933698,0.03672216131543293,0.03565388654604651,0.0,0.0
20250818,3.6900548444707097,2.801029507804441,0.02105038930140357,0.019735065162368892,0.0,0.0
20250819,3.804532675831677,2.884488993114088,0.03102334143691765,0.029796003604069865,0.0,0.0
20250820,3.756329266403613,2.846786142085329,-0.012669994854894062,-0.01307089440062481,-0.012669994854894062,-0.01307089440062481
20250821,3.6555881284960803,2.7676771744571766,-0.026819038152101182,-0.027788869159733776,-0.03914923593159492,-0.04049653818605892
20250822,3.6446669450052904,2.7571213656665945,-0.002987531173344382,-0.0038139595499075973,-0.04201980754218115,-0.044156045577413594
20250825,3.7271780306533606,2.8175906385296625,0.02263885476864891,0.021932031580498945,-0.02033223309388621,-0.023192445782988513
20250826,3.67367884164282,2.774169826805829,-0.014353805632719485,-0.015410617543254124,-0.03439419380469688,-0.038245653414388237
20250827,3.63432813597423,2.742082529235489,-0.010711525793308807,-0.011566450352206825,-0.04473730530392661,-0.04936973731518979
20250828,3.6939046843721686,2.784936537485267,0.01639272684494908,0.015628270773354824,-0.029077944884603912,-0.03451303016460616
20250829,3.6629677496965556,2.7586066355892194,-0.008375130740784442,-0.009454399244523848,-0.03720954403530652,-0.04364112944281562
20250901,3.7305573281652973,2.806464491564741,0.01845213583284777,0.01734856117508743,-0.019444003763276485,-0.027049679071616706
20250902,3.6650645413736083,2.7559398828677133,-0.017555764737141488,-0.01800293887518878,-0.036658414144801754,-0.04456564422788567
20250903,3.598740460640542,2.7031204749188182,-0.0180962927076338,-0.019165660425775832,-0.05409132545987361,-0.06287717464973397
20250904,3.5160025519008737,2.6392843105497703,-0.022990796264574676,-0.023615730398019008,-0.0758385190811195,-0.08500801464303576
20250905,3.6141947248218926,2.710486017851108,0.027927218900319906,0.026977657168926417,-0.05002925910425415,-0.06032367454976029
20250908,3.68315858235143,2.7585157660736983,0.01908138957093297,0.017719976382932323,-0.031902497316234624,-0.043672632255181254
20250909,3.682490905484763,2.7556060287014588,-0.0001812783380726879,-0.0010548199172996098,-0.032077992422613444,-0.04468138541013722
20250910,3.6992188686683836,2.766088854291075,0.004542567412374465,0.0038041815413489832,-0.027681141453272273,-0.0410471799704073
20250911,3.784715850034707,2.8260792521367963,0.023112171623708155,0.021687805781313685,-0.0052087411215723245,-0.020249597456162505
20250912,3.7907761643415228,2.8283009588098524,0.0016012600541095434,0.0007861445043964022,-0.003615821616552939,-0.019479372061522393
20250915,3.7957131295368542,2.8299098374692235,0.0013023626247763431,0.0005688498794160779,-0.002318168102707796,-0.01892160302055479
20250916,3.825084487460934,2.8482577686819366,0.00773803417743113,0.006483574483461929,0.0,-0.01256070815962318
20250917,3.8085016975278707,2.8338431212380355,-0.004335274158629332,-0.005060864786325725,-0.004335274158629332,-0.017558004900332547
20250918,3.7863072627895553,2.8154594328159828,-0.0058276026902448486,-0.006487193410347092,-0.010137612593524414,-0.023931296136991298
20250919,3.7099125598510234,2.7562589384620875,-0.02017657248509941,-0.02102693921420984,-0.030109642803304748,-0.044455033442011405
20250922,3.7099397060377277,2.7537224202091184,7.317203914114501e-06,-0.0009202757468006473,-0.030102545917786716,-0.045334398299712086
20250923,3.7512624116138573,2.7823709912809207,0.011138376591101729,0.010403579845795319,-0.01929946281946826,-0.0354024584863889
20250924,3.780596209299694,2.8011061589665283,0.007819713596953326,0.0067335260985388334,-0.011630665494338221,-0.02890731576602057
20250925,3.722148180255667,2.7554201434604075,-0.015460003081062657,-0.01630999073700823,-0.02691085845102359,-0.044745828450653224
20250926,3.615897835307302,2.675955205235311,-0.028545436614258346,-0.02883949963626964,-0.054688112861132954,-0.0722948807835957
20250929,3.6598510334373335,2.7056119634135576,0.012155542034637312,0.011082681100275993,-0.04319733448117413,-0.062013420792226714
20250930,3.650751929489944,2.6967972912340445,-0.0024861951659391757,-0.0032579217931871796,-0.0455761326429448,-0.06506930771034491
20251009,3.638939519416793,2.686448677703339,-0.0032356101705331985,-0.0038373716720732087,-0.04866427621516489,-0.06865698426428901
20251010,3.6138671078672044,2.6657110823504278,-0.006890032498700793,-0.007719334273915912,-0.055219010269217494,-0.0758463323264299
20251013,3.6572639984296034,2.6958796738320823,0.0120084356361434,0.011317277285374017,-0.0438736685637835,-0.06538742901507266
20251014,3.5631216563424095,2.62548563981697,-0.025741193998469303,-0.02611171214294228,-0.06848550194832792,-0.08979176343380624
20251015,3.599253792100643,2.6486678870281315,0.010140584364813243,0.008829698726814383,-0.059039400593788205,-0.08175489892626164
20251016,3.5831894792041394,2.6353333509000265,-0.004463234276993799,-0.0050344311543968345,-0.06323912819435873,-0.08637774067047954
20251017,3.5164364417770404,2.5852663850011375,-0.018629502518500818,-0.018998342612630004,-0.08069051721489484,-0.10373504937174693
20251020,3.5094191291462504,2.577349314881907,-0.0019955749938832534,-0.003062380791845176,-0.08252506823038053,-0.10647975394095488
20251021,3.5039883573238164,2.5712836558359102,-0.001547484533075738,-0.0023534485647611625,-0.0839448464967788,-0.10858260788162755
20251022,3.5049229155399972,2.570362522777423,0.00026671270588773943,-0.0003582386005513971,-0.08370052294804553,-0.1089019480006872
20251023,3.455346899929404,2.5316297909542556,-0.014144680726296488,-0.015068976255269373,-0.09666128650061778,-0.12232988338738171
20251024,3.4952595698721582,2.558545614981593,0.011550987816467906,0.01063181675437308,-0.08622683202684278,-0.11299865553676713
20251027,3.538882196860353,2.588875433033823,0.012480511423015761,0.011854319842739436,-0.07482247556590849,-0.10248385789856018
20251028,3.611015153538979,2.638122726033094,0.020382977637012356,0.01902265839865458,-0.055964602775101846,-0.08541071492008623
20251029,3.6662167993912727,2.675657115185442,0.01528701584046055,0.014227688796262905,-0.0415331187037693,-0.07239822319557265
20251030,3.6243051161176005,2.644316875981089,-0.011431861662035692,-0.011713099943368777,-0.05249017949839052,-0.08326331551492938
20251031,3.5724750566197265,2.604544739086632,-0.014300688776830994,-0.015040609261210647,-0.06604022255437503,-0.09705159378168704
20251103,3.5915880368007906,2.6158091319135335,0.005350066796309116,0.0043248989575244146,-0.0610434753599749,-0.09314643316093518
20251104,3.617140976076116,2.6325695116483248,0.007114663211231331,0.006407340478443269,-0.0543631159171728,-0.08733591359410653
20251105,3.7098557815035544,2.6960275034166896,0.025632068542712938,0.02410496341600199,-0.03012448648784427,-0.06533617918019363
20251106,3.670391449066911,2.6659825204724523,-0.01063769988941432,-0.011144167819564621,-0.04044173113067817,-0.07575222965428496
20251107,3.6571675128105214,2.6548826219860504,-0.003602868097284717,-0.004163530106129465,-0.043898893005073214,-0.07960036307164242
20251110,3.6537460906013752,2.6492298233620604,-0.000935538828112592,-0.002129208491997825,-0.04479336271426837,-0.08156008579462193
20251111,3.6561861869333274,2.648835595497359,0.0006678341273436139,-0.00014880848057230445,-0.044155443123223725,-0.08169675744275184
20251112,3.726973416191413,2.6980552463437055,0.019360947621067215,0.018581617873911327,-0.025649386723650358,-0.06463319749717922
20251113,3.760644742030994,2.718965455035283,0.009034495844080892,0.007750103975785683,-0.01684662015732752,-0.05738400752228423
20251114,3.7382178921692004,2.7012363857426003,-0.005963565133164317,-0.006520520244142958,-0.022709719373909865,-0.06353035418368802
20251117,3.7753776724180987,2.726358354166648,0.009940506765734769,0.009300174007963014,-0.012994958727259531,-0.05482102352442075
20251118,3.6814752446956365,2.6566880975777636,-0.024872326922015908,-0.025554328352473732,-0.037544070787472905,-0.07897443744113275
20251119,3.571738420954781,2.5763955426151686,-0.029807839642264855,-0.03022280072538508,-0.06623280278818688,-0.10681040948133502
20251120,3.4948218417298618,2.520093384645702,-0.021534773871922708,-0.02185307226246669,-0.08634126822916233,-0.12632934614702251
20251121,3.331311625905794,2.401170602693643,-0.04678642380898401,-0.047189831407290606,-0.12908809287057166,-0.16755771700784183
20251124,3.301480158958733,2.378163877326208,-0.008954871323078262,-0.009581462200822455,-0.13688699693265238,-0.17553373127669747
20251125,3.3748694721100847,2.4285174084603836,0.022229215266433178,0.021173280619663837,-0.11770067218821079,-0.1580770756075719
20251126,3.362418507928841,2.4171856988900684,-0.0036893172563082777,-0.004666101849152171,-0.12095575432353589,-0.16200557372192292
20251127,3.352266291041731,2.407953273782924,-0.0030193198327842508,-0.0038194935173511135,-0.12360987004840174,-0.1652062880006684
20251128,3.426659841555927,2.4588507030908024,0.022192016998469954,0.021137216349683685,-0.1041610053872245,-0.14756107270278307
20251201,3.398413472125055,2.4367390289222564,-0.008243120337864118,-0.008992686762458346,-0.11154551402316881,-0.155226788960093
20251202,3.4288150899465326,2.4557466109214463,0.008945826654361388,0.007800417596461662,-0.10359755420133021,-0.14863720513967793
20251203,3.356909788335189,2.403669650369734,-0.020970889279557148,-0.021206162036470078,-0.12239591064209843,-0.16669134251930795
20251204,3.3131308217812023,2.370235281313496,-0.01304144862817369,-0.013909718854708153,-0.1338411392893346,-0.17828243166405866
20251205,3.42810080483335,2.4487035911567165,0.034701311006589686,0.03310570493226983,-0.10378429128270039,-0.15107889230906668
20251208,3.5043476345664333,2.501083885679772,0.02224171168641864,0.021391031038718866,-0.0838509198805708,-0.13291959454502633
20251209,3.4766313403995266,2.4785826303312404,-0.007909116633725732,-0.00899660162434579,-0.09109684980911581,-0.14072037152918093
20251210,3.511351953569221,2.5004773416909924,0.009986855024353591,0.008833561202204576,-0.08201976581698123,-0.1331298723412765
20251211,3.433570925289212,2.4448495647096857,-0.022151305055292392,-0.022246863050431553,-0.10235422601909805,-0.15241501335381025
20251212,3.4589155839075323,2.4599065131409965,0.007381428597163842,0.0061586400442184,-0.09572831783291214,-0.1471950425141727
20251215,3.4805579806349654,2.472487199592133,0.006256988990458012,0.005114294540841113,-0.09007029987320969,-0.1428335467757007
20251216,3.3549437231382346,2.383526935859346,-0.03609026431842821,-0.03598007049236185,-0.12290990326197371,-0.17367445618639876
20251217,3.3330265471374716,2.365687039662623,-0.00653279989455724,-0.007484663138615288,-0.12863975735346111,-0.17985922452467662
20251218,3.3676095649994657,2.387330786742567,0.010375860309812301,0.00914903227564312,-0.11959864519623653,-0.17235573009928185
20251219,3.5256297424735124,2.4964798547985527,0.04692354455706371,0.045720127542490996,-0.07828709299600278,-0.13451572851960913
20251222,3.4850735484308393,2.4659572033836064,-0.011503248215230855,-0.012226275872516235,-0.08888978534845171,-0.14509737798605205
20251223,3.49369815828899,2.4689594162365722,0.002474728219734157,0.001217463485921888,-0.08663503518896554,-0.1440565652597311
20251224,3.6195343682514256,2.555144122184855,0.036018054296958146,0.034907299561713234,-0.05373740629346235,-0.11417789137537082
20251225,3.6890034080258536,2.601902138620587,0.019192811203499582,0.018299561277095533,-0.03557596698351895,-0.09796773541798853
20251226,3.7666388828903923,2.6523884380466485,0.021045107926881856,0.01940361194861362,-0.015279559121408548,-0.08046505139091009
20251229,3.7363984114178947,2.630228455187761,-0.008028502973794982,-0.008354727588545496,-0.02318539010935905,-0.08814751539468624
20251230,3.7182749408985174,2.61544615448632,-0.004850518741254861,-0.005620158458967683,-0.02792344768136512,-0.0932722708493714
20251231,3.724068173771646,2.6169669182111024,0.0015580431692683305,0.0005814548015732335,-0.026408910449019163,-0.09274504965753727
20260105,3.8072579030148903,2.6727761106292416,0.02233840127555764,0.0213259067318623,-0.004660442012321964,-0.07339701520451347
20260106,3.927684963149024,2.7539306705049347,0.03163091736936696,0.03036339615314332,0.0,-0.04526220170048312
20260107,3.9433319450710904,2.762398182379806,0.003983767045695474,0.003074700451089818,0.0,-0.042326668961379155
20260108,4.014124360990124,2.809504868006714,0.017952436392660198,0.017052822408942347,0.0,-0.025995635721397292
20260109,4.12817846719382,2.8851155232152443,0.028413196988138045,0.02691244854904795,0.0,0.0
20260112,4.235931166109058,2.956940587830155,0.026101754023363233,0.024895039396851226,0.0,0.0
20260113,4.16860271393478,2.909168883232404,-0.015894604877662144,-0.016155787774148944,-0.015894604877662144,-0.016155787774148944
20260114,4.151716163357947,2.8945882970689816,-0.004050889887007969,-0.005011942155527804,-0.019881107470513304,-0.021086758055875787
20260115,4.056820665398,2.8268014018140937,-0.022856932946782815,-0.02341849282107855,-0.0422836192769348,-0.04401143078480296
20260116,3.9655247126478326,2.7623640573298482,-0.022504310710320885,-0.022795143812682772,-0.06383636628109068,-0.06580332770334418
20260119,4.024822262622081,2.8000991374223982,0.014953267038059881,0.013660429729535961,-0.04983766147477142,-0.053041799707869486
20260120,3.9796166863081135,2.7662360674908855,-0.011231695057390412,-0.012093525360921675,-0.060509595116103765,-0.06449386271883517
20260121,3.95172588784005,2.7458102015579042,-0.007008413288652093,-0.007383992339998868,-0.06709393215425319,-0.07140163287054113
20260122,4.002096091542726,2.777007860987814,0.012746380981958128,0.01136191402166431,-0.055202755993110864,-0.060850978062558236
20260123,4.105425247532289,2.8449577090179696,0.0258187593765975,0.02446872728908467,-0.030809263290424438,-0.03787119676096029
20260126,4.109882102472295,2.8467252157993927,0.001085601288851823,0.0006212769967794962,-0.02975710857750924,-0.037273448267568954
20260127,4.153672087837322,2.8738257918183834,0.01065480329440227,0.009519912869911717,-0.019419361421610604,-0.02810837537752575
20260128,4.0910257283166995,2.828553383200928,-0.015082163010426752,-0.015753358727012334,-0.0342086384575182,-0.043418932783982456
20260129,4.106831768894831,2.837682741311851,0.003863588651796368,0.0032275714381573284,-0.030477217913059684,-0.04033149905315381
20260130,4.080959978255129,2.8174665664947742,-0.006299695749812484,-0.00712418429402395,-0.03658491646271922,-0.04716835431506894
20260202,3.938167469621572,2.7180059536457746,-0.03498993114228244,-0.0353014349954609,-0.07029474389712498,-0.0808046787168335
20260203,4.048713396915996,2.791266718095904,0.02807039775407194,0.02695386459763327,-0.04419754756426597,-0.05602881248818903
20260204,4.010606571048864,2.7624537753464744,-0.009412082835045577,-0.010322532978534027,-0.05319363942053079,-0.06577298620206562
20260205,3.979880702193423,2.7390998650166916,-0.00766115257408706,-0.00845404565252994,-0.06044726740704609,-0.07367098402654015
20260206,4.1008696798384285,2.8193351311870387,0.030400151838301248,0.029292566946936827,-0.031884721676129324,-0.04653642931124746
20260209,4.149714152208359,2.849436835778865,0.011910759468917176,0.010676880608781136,-0.02035373345782998,-0.036356412602181476
20260210,4.1649950400416325,2.85667295379717,0.0036823952862250486,0.002539490585453441,-0.016746288663747166,-0.033909248784252055
20260211,4.1132227560555705,2.82013512083879,-0.01243033508763658,-0.012790345114519486,-0.02896846177181911,-0.046265882904246936
20260212,4.176204550908032,2.8595047218224887,0.015312031122004965,0.01396018250784703,-0.014099996638020862,-0.03295158056562986
20260213,4.09519314786681,2.802303950069926,-0.01939833215870801,-0.020003733973940063,-0.03322481237850783,-0.05229615988791425
20260224,4.137729525521102,2.8292705722056226,0.01038690389400787,0.009623018279306894,-0.023183011417572064,-0.04317638851114647
20260225,4.177472562114227,2.8533311075383656,0.009605034922653521,0.008504147877940849,-0.013800650129196623,-0.035039419025939766
20260226,4.270046326731632,2.9127007755362437,0.022160232830004123,0.02080714286576346,0.0,-0.014961346357782346
20260227,4.364632030873894,2.974550654993485,0.02215097844492475,0.0212345462935013,0.0,0.0
20260302,4.43651016121536,3.0199285701292986,0.016468313899780096,0.015255384896416535,0.0,0.0
20260303,4.360181832299925,2.967908049778943,-0.01720458787240231,-0.017225745292421935,-0.01720458787240231,-0.017225745292421935
20260304,4.353648587746631,2.9627506746555645,-0.0014983880958578943,-0.001737713917303707,-0.01867719681859814,-0.018933525792395156
